{
    "LDO/USDT": {
        "type": "SHORT",
        "entry_price": 1.1617,
        "sl": 1.1757034230864354,
        "tp1": 1.1476965769135645,
        "tp2": 1.1406948653703468,
        "tp3": 1.133693153827129,
        "status": "active"
    },
    "LINK/USDT": {
        "type": "LONG",
        "entry_price": 18.989,
        "sl": 18.738,
        "tp1": 19.240000000000002,
        "tp2": 19.359477146495376,
        "tp3": 19.47895429299075,
        "status": "active"
    },
    "ALGO/USDT": {
        "type": "LONG",
        "entry_price": 0.2837,
        "sl": 0.280151670405215,
        "tp1": 0.287248329594785,
        "tp2": 0.28902249439217753,
        "tp3": 0.29079665918957004,
        "status": "active"
    }
}