{
    "DOGE/USDT": {
        "type": "SHORT",
        "entry_price": 0.24677,
        "sl": 0.248006409775296,
        "tp1": 0.24553359022470397,
        "tp2": 0.24429974022470397,
        "tp3": 0.24306589022470396,
        "status": "active"
    },
    "1000PEPE/USDT": {
        "type": "SHORT",
        "entry_price": 0.0123861,
        "sl": 0.012448867241357266,
        "tp1": 0.012323332758642735,
        "tp2": 0.012261402258642735,
        "tp3": 0.012199471758642735,
        "status": "tp1_hit"
    },
    "HBAR/USDT": {
        "type": "SHORT",
        "entry_price": 0.26587,
        "sl": 0.2672874053472837,
        "tp1": 0.2644525946527163,
        "tp2": 0.2631232446527163,
        "tp3": 0.2617938946527163,
        "status": "tp1_hit"
    },
    "BTC/USDT": {
        "type": "SHORT",
        "entry_price": 120568.0,
        "sl": 121170.84,
        "tp1": 119965.16,
        "tp2": 119362.32,
        "tp3": 118759.48000000001,
        "status": "active"
    },
    "ALGO/USDT": {
        "type": "SHORT",
        "entry_price": 0.2773,
        "sl": 0.2786865,
        "tp1": 0.2759135,
        "tp2": 0.27452699999999997,
        "tp3": 0.27314049999999995,
        "status": "active"
    },
    "XLM/USDT": {
        "type": "SHORT",
        "entry_price": 0.45386,
        "sl": 0.45612929999999996,
        "tp1": 0.4515907,
        "tp2": 0.44932140000000004,
        "tp3": 0.44705210000000006,
        "status": "active"
    },
    "LTC/USDT": {
        "type": "LONG",
        "entry_price": 131.38,
        "sl": 130.7231,
        "tp1": 132.0369,
        "tp2": 132.6938,
        "tp3": 133.35070000000002,
        "status": "active"
    },
    "GALA/USDT": {
        "type": "SHORT",
        "entry_price": 0.01848,
        "sl": 0.0185724,
        "tp1": 0.0183876,
        "tp2": 0.0182952,
        "tp3": 0.0182028,
        "status": "active"
    },
    "ETC/USDT": {
        "type": "LONG",
        "entry_price": 24.108,
        "sl": 23.987460000000002,
        "tp1": 24.22854,
        "tp2": 24.349079999999997,
        "tp3": 24.469619999999995,
        "status": "active"
    },
    "JUP/USDT": {
        "type": "SHORT",
        "entry_price": 0.5537,
        "sl": 0.5573992535033891,
        "tp1": 0.5500007464966108,
        "tp2": 0.5472322464966108,
        "tp3": 0.5444637464966109,
        "status": "active"
    }
}