{
    "LDO/USDT": {
        "type": "SHORT",
        "entry_price": 1.1617,
        "sl": 1.1757034230864354,
        "tp1": 1.1476965769135645,
        "tp2": 1.1406948653703468,
        "tp3": 1.133693153827129,
        "status": "active"
    }
}